"","siteID","year","week","sum_weekly_total_precip_bySite"
"1","BLAN","2016",28,0
"2","BLAN","2016",29,0
"3","BLAN","2016",30,0
"4","BLAN","2016",31,0
"5","BLAN","2016",32,0
"6","BLAN","2016",33,0
"7","BLAN","2016",34,0
"8","BLAN","2016",35,0
"9","BLAN","2016",36,0
"10","BLAN","2016",37,0
"11","BLAN","2016",38,0
"12","BLAN","2016",39,0
"13","BLAN","2016",40,0
"14","BLAN","2016",41,0
"15","BLAN","2016",42,0
"16","BLAN","2016",43,0
"17","BLAN","2016",44,0
"18","BLAN","2016",45,0
"19","BLAN","2016",46,0
"20","BLAN","2016",47,0
"21","BLAN","2016",48,0
"22","BLAN","2016",49,0
"23","BLAN","2016",50,0
"24","BLAN","2016",51,0
"25","BLAN","2016",52,0
"26","BLAN","2016",53,0
"27","BLAN","2017",1,0
"28","BLAN","2017",2,0
"29","BLAN","2017",3,0
"30","BLAN","2017",4,0
"31","BLAN","2017",5,0
"32","BLAN","2017",6,0
"33","BLAN","2017",7,0
"34","BLAN","2017",8,0.512
"35","BLAN","2017",9,2.95
"36","BLAN","2017",10,4.999
"37","BLAN","2017",11,11.16
"38","BLAN","2017",12,5.388
"39","BLAN","2017",13,9.356
"40","BLAN","2017",14,2.048
"41","BLAN","2017",15,0
"42","BLAN","2017",16,14.87
"43","BLAN","2017",17,31.92
"44","BLAN","2017",18,195.819
"45","BLAN","2017",19,181.822
"46","BLAN","2017",20,49.95
"47","BLAN","2017",21,147.606
"48","BLAN","2017",22,6.527
"49","BLAN","2017",23,14.928
"50","BLAN","2017",24,7.421
"51","BLAN","2017",25,36.268
"52","BLAN","2017",26,4.057
"53","BLAN","2017",27,76.519
"54","BLAN","2017",28,8.547
"55","BLAN","2017",29,28.879
"56","BLAN","2017",30,76.853
"57","BLAN","2017",31,3.367
"58","BLAN","2017",32,71.219
"59","BLAN","2017",33,21.321
"60","BLAN","2017",34,8.17
"61","BLAN","2017",35,17.724
"62","BLAN","2017",36,43.576
"63","BLAN","2017",37,13.774
"64","BLAN","2017",38,0.065
"65","BLAN","2017",39,0
"66","BLAN","2017",40,0
"67","BLAN","2017",41,73.747
"68","BLAN","2017",42,3.558
"69","BLAN","2017",43,23.274
"70","BLAN","2017",44,214.951
"71","BLAN","2017",45,82.717
"72","BLAN","2017",46,9.54
"73","BLAN","2017",47,0.909
"74","BLAN","2017",48,0.13
"75","BLAN","2017",49,9.802
"76","BLAN","2017",50,6.688
"77","BLAN","2017",51,22.53
"78","BLAN","2017",52,2.848
"79","BLAN","2017",53,0
"80","BLAN","2018",1,0.065
"81","BLAN","2018",2,105.759
"82","BLAN","2018",3,0.324
"83","BLAN","2018",4,45.494
"84","BLAN","2018",5,75.916
"85","BLAN","2018",6,72.535
"86","BLAN","2018",7,50.759
"87","BLAN","2018",8,55.186
"88","BLAN","2018",9,9.749
"89","BLAN","2018",10,2.469
"90","BLAN","2018",11,0
"91","BLAN","2018",12,129.437
"92","BLAN","2018",13,61.71
"93","BLAN","2018",14,34.018
"94","BLAN","2018",15,2.931
"95","BLAN","2018",16,140.551
"96","BLAN","2018",17,63.571
"97","BLAN","2018",18,36.735
"98","BLAN","2018",19,0.064
"99","BLAN","2018",20,0
"100","BLAN","2018",21,0
"101","BLAN","2018",22,0
"102","BLAN","2018",23,0
"103","BLAN","2018",24,0
"104","BLAN","2018",25,0
"105","BLAN","2018",26,0
"106","BLAN","2018",27,0
"107","BLAN","2018",28,0
"108","BLAN","2018",29,0
"109","BLAN","2018",30,0
"110","BLAN","2018",31,0
"111","BLAN","2018",32,0
"112","BLAN","2018",33,0
"113","BLAN","2018",34,0
"114","BLAN","2018",35,0
"115","BLAN","2018",36,0
"116","BLAN","2018",37,0
"117","BLAN","2018",38,0
"118","BLAN","2018",39,0
"119","BLAN","2018",40,0
"120","BLAN","2018",41,0
"121","BLAN","2018",42,0
"122","BLAN","2018",43,0
"123","BLAN","2018",44,0
"124","BLAN","2018",45,0
"125","BLAN","2018",46,0
"126","BLAN","2018",47,0
"127","BLAN","2018",48,0
"128","BLAN","2018",49,0
"129","BLAN","2018",50,0
"130","BLAN","2018",51,0
"131","BLAN","2018",52,0
"132","BLAN","2018",53,0
"133","BLAN","2019",1,0
"134","BLAN","2019",2,0
"135","BLAN","2019",3,0
"136","BLAN","2019",4,0
"137","BLAN","2019",5,0
"138","BLAN","2019",6,0
"139","BLAN","2019",7,0
"140","BLAN","2019",8,0
"141","BLAN","2019",9,0
"142","BLAN","2019",10,0
"143","BLAN","2019",11,0
"144","BLAN","2019",12,0
"145","BLAN","2019",13,0
"146","BLAN","2019",14,0
"147","BLAN","2019",15,0
"148","BLAN","2019",16,0
"149","BLAN","2019",17,0
"150","BLAN","2019",18,0
"151","BLAN","2019",19,0
"152","BLAN","2019",20,0
"153","BLAN","2019",21,0
"154","BLAN","2019",22,0
"155","BLAN","2019",23,0
"156","BLAN","2019",24,0
"157","BLAN","2019",25,0
"158","BLAN","2019",26,0
"159","BLAN","2019",27,0
"160","BLAN","2019",28,0
"161","BLAN","2019",29,0
"162","BLAN","2019",30,0
"163","BLAN","2019",31,0
"164","BLAN","2019",32,0
"165","BLAN","2019",33,0
"166","BLAN","2019",34,0
"167","BLAN","2019",35,0
"168","BLAN","2019",36,0
"169","BLAN","2019",37,0
"170","BLAN","2019",38,0
"171","BLAN","2019",39,0
"172","BLAN","2019",40,0
"173","BLAN","2019",41,0
"174","BLAN","2019",42,0
"175","BLAN","2019",43,0
"176","BLAN","2019",44,0
"177","BLAN","2019",45,0
"178","BLAN","2019",46,0
"179","BLAN","2019",47,0
"180","BLAN","2019",48,0
"181","BLAN","2019",49,0
"182","BLAN","2019",50,0
"183","BLAN","2019",51,0
"184","BLAN","2019",52,0
"185","BLAN","2019",53,0
"186","BLAN","2020",1,0
"187","BLAN","2020",2,0
"188","BLAN","2020",3,0
"189","BLAN","2020",4,0
"190","BLAN","2020",5,0
"191","BLAN","2020",6,0
"192","BLAN","2020",7,0
"193","BLAN","2020",8,0
"194","BLAN","2020",9,0
"195","BLAN","2020",10,0
"196","BLAN","2020",11,0
"197","BLAN","2020",12,0
"198","BLAN","2020",13,0
"199","BLAN","2020",14,0
"200","BLAN","2020",15,0
"201","BLAN","2020",16,0
"202","BLAN","2020",17,0
"203","BLAN","2020",18,0
"204","BLAN","2020",19,0
"205","BLAN","2020",20,0
"206","BLAN","2020",21,0
"207","BLAN","2020",22,0
"208","BLAN","2020",23,0
"209","BLAN","2020",24,0
"210","BLAN","2020",25,0
"211","BLAN","2020",26,0
"212","BLAN","2020",27,0
"213","BLAN","2020",28,0
"214","BLAN","2020",29,0
"215","BLAN","2020",30,0
"216","BLAN","2020",31,0
"217","BLAN","2020",32,0
"218","BLAN","2020",33,0
"219","BLAN","2020",34,0
"220","BLAN","2020",35,0
"221","BLAN","2020",36,0
"222","BLAN","2020",37,0
"223","BLAN","2020",38,0
"224","BLAN","2020",39,0
"225","BLAN","2020",40,0
"226","BLAN","2020",41,0
"227","BLAN","2020",42,0
"228","BLAN","2020",43,0
"229","BLAN","2020",44,0
"230","BLAN","2020",45,0
"231","BLAN","2020",46,0
"232","BLAN","2020",47,0
"233","BLAN","2020",48,0
"234","BLAN","2020",49,0
"235","BLAN","2020",50,0
"236","BLAN","2020",51,0
"237","BLAN","2020",52,0
"238","BLAN","2020",53,0
"239","BLAN","2021",1,0
"240","BLAN","2021",2,0
"241","BLAN","2021",3,0
"242","BLAN","2021",4,0
"243","BLAN","2021",5,31.674
"244","BLAN","2021",6,72.6870000000001
"245","BLAN","2021",7,39.258
"246","BLAN","2021",8,50.03
"247","BLAN","2021",9,78.408
"248","BLAN","2021",10,0
"249","BLAN","2021",11,19.689
"250","BLAN","2021",12,7.199
"251","BLAN","2021",13,62.556
"252","BLAN","2021",14,0.455
"253","BLAN","2021",15,168.031
"254","BLAN","2021",16,0
"255","BLAN","2021",17,87.984
"256","BLAN","2021",18,58.019
"257","BLAN","2021",19,2.192
"258","BLAN","2021",20,1.104
"259","BLAN","2021",21,19.535
"260","BLAN","2021",22,114.457
"261","BLAN","2021",23,12.43
"262","BLAN","2021",24,101.603
"263","BLAN","2021",25,81.076
"264","BLAN","2021",26,63.343
"265","BLAN","2021",27,15.555
"266","BLAN","2021",28,53.503
"267","BLAN","2021",29,25.307
"268","BLAN","2021",30,15.417
"269","BLAN","2021",31,1.628
"270","BLAN","2021",32,61.013
"271","BLAN","2021",33,72.704
"272","BLAN","2021",34,15.387
"273","BLAN","2021",35,240.821
"274","BLAN","2021",36,110.728
"275","BLAN","2021",37,67.07
"276","BLAN","2021",38,209.223
"277","BLAN","2021",39,0.065
"278","BLAN","2021",40,45.391
"279","BLAN","2021",41,35.59
"280","BLAN","2021",42,22.913
"281","BLAN","2021",43,23.492
"282","BLAN","2021",44,219.678
"283","BLAN","2021",45,0
"284","BLAN","2021",46,66.021
"285","BLAN","2021",47,4.605
"286","BLAN","2021",48,0.195
"287","BLAN","2021",49,0
"288","BLAN","2021",50,0.261
"289","BLAN","2021",51,3.183
"290","BLAN","2021",52,33.448
"291","BLAN","2021",53,0.066
"292","BLAN","2022",1,81.023
"293","BLAN","2022",2,21.054
"294","BLAN","2022",3,43.67
"295","BLAN","2022",4,2.66
"296","BLAN","2022",5,61.63
"297","BLAN","2022",6,0.197
"298","BLAN","2022",7,9.473
"299","BLAN","2022",8,53.576
"300","BLAN","2022",9,0
"301","BLAN","2022",10,34.485
"302","BLAN","2022",11,36.077
"303","BLAN","2022",12,25.464
"304","BLAN","2022",13,36.555
"305","KONZ","2017",25,3.356
"306","KONZ","2017",26,56.603
"307","KONZ","2017",27,0
"308","KONZ","2017",28,12.067
"309","KONZ","2017",29,0
"310","KONZ","2017",30,44.013
"311","KONZ","2017",31,50.337
"312","KONZ","2017",32,43.111
"313","KONZ","2017",33,5.357
"314","KONZ","2017",34,15.103
"315","KONZ","2017",35,6.518
"316","KONZ","2017",36,0
"317","KONZ","2017",37,0.387
"318","KONZ","2017",38,2.518
"319","KONZ","2017",39,5.685
"320","KONZ","2017",40,22.531
"321","KONZ","2017",41,14.266
"322","KONZ","2017",42,0
"323","KONZ","2017",43,0.646
"324","KONZ","2017",44,1.294
"325","KONZ","2017",45,3.487
"326","KONZ","2017",46,2.007
"327","KONZ","2017",47,0.194
"328","KONZ","2017",48,0
"329","KONZ","2017",49,0
"330","KONZ","2017",50,0
"331","KONZ","2017",51,3.359
"332","KONZ","2017",52,1.937
"333","KONZ","2017",53,0
"334","KONZ","2018",1,0
"335","KONZ","2018",2,18.63
"336","KONZ","2018",3,2.063
"337","KONZ","2018",4,3.29
"338","KONZ","2018",5,0
"339","KONZ","2018",6,1.806
"340","KONZ","2018",7,0
"341","KONZ","2018",8,36.943
"342","KONZ","2018",9,0.386
"343","KONZ","2018",10,0
"344","KONZ","2018",11,0
"345","KONZ","2018",12,0
"346","KONZ","2018",13,0
"347","KONZ","2018",14,0
"348","KONZ","2018",15,0
"349","KONZ","2018",16,0
"350","KONZ","2018",17,0
"351","KONZ","2018",18,0
"352","KONZ","2018",19,0
"353","KONZ","2018",20,0
"354","KONZ","2018",21,0
"355","KONZ","2018",22,44.483
"356","KONZ","2018",23,0
"357","KONZ","2018",24,11.217
"358","KONZ","2018",25,63.315
"359","KONZ","2018",26,52.883
"360","KONZ","2018",27,20.252
"361","KONZ","2018",28,139.976
"362","KONZ","2018",29,37.883
"363","KONZ","2018",30,21.074
"364","KONZ","2018",31,17.803
"365","KONZ","2018",32,44.56
"366","KONZ","2018",33,374.716
"367","KONZ","2018",34,294.158
"368","KONZ","2018",35,0
"369","KONZ","2018",36,340.957
"370","KONZ","2018",37,0
"371","KONZ","2018",38,29.879
"372","KONZ","2018",39,15.89
"373","KONZ","2018",40,183.294
"374","KONZ","2018",41,219.505
"375","KONZ","2018",42,32.065
"376","KONZ","2018",43,65.688
"377","KONZ","2018",44,1.936
"378","KONZ","2018",45,43.386
"379","KONZ","2018",46,3.485
"380","KONZ","2018",47,0
"381","KONZ","2018",48,171.834
"382","KONZ","2018",49,0.193
"383","KONZ","2018",50,0
"384","KONZ","2018",51,0
"385","KONZ","2018",52,187.428
"386","KONZ","2018",53,0
"387","KONZ","2019",1,0
"388","KONZ","2019",2,48.771
"389","KONZ","2019",3,57.165
"390","KONZ","2019",4,34.521
"391","KONZ","2019",5,0.322
"392","KONZ","2019",6,26.427
"393","KONZ","2019",7,6.011
"394","KONZ","2019",8,109.069
"395","KONZ","2019",9,0
"396","KONZ","2019",10,33.05
"397","KONZ","2019",11,106.587
"398","KONZ","2019",12,40.676
"399","KONZ","2019",13,131.484
"400","KONZ","2019",14,42.322
"401","KONZ","2019",15,0.065
"402","KONZ","2019",16,23.358
"403","KONZ","2019",17,71.288
"404","KONZ","2019",18,295.772
"405","KONZ","2019",19,434.915
"406","KONZ","2019",20,290.708
"407","KONZ","2019",21,390.54
"408","KONZ","2019",22,66.234
"409","KONZ","2019",23,12.479
"410","KONZ","2019",24,50.126
"411","KONZ","2019",25,491.016
"412","KONZ","2019",26,48.363
"413","KONZ","2019",27,251.895
"414","KONZ","2019",28,47.766
"415","KONZ","2019",29,3.685
"416","KONZ","2019",30,2.847
"417","KONZ","2019",31,162.902
"418","KONZ","2019",32,283.131
"419","KONZ","2019",33,280.887
"420","KONZ","2019",34,196.604
"421","KONZ","2019",35,109.397
"422","KONZ","2019",36,51.579
"423","KONZ","2019",37,6.405
"424","KONZ","2019",38,57.172
"425","KONZ","2019",39,29.488
"426","KONZ","2019",40,183.59
"427","KONZ","2019",41,19.728
"428","KONZ","2019",42,59.3
"429","KONZ","2019",43,0.193
"430","KONZ","2019",44,9.455
"431","KONZ","2019",45,0.582
"432","KONZ","2019",46,0.389
"433","KONZ","2019",47,40.444
"434","KONZ","2019",48,35.603
"435","KONZ","2019",49,0.195
"436","KONZ","2019",50,2.525
"437","KONZ","2019",51,24.461
"438","KONZ","2019",52,104.465
"439","KONZ","2019",53,0.065
"440","KONZ","2020",1,0.065
"441","KONZ","2020",2,61.127
"442","KONZ","2020",3,51.853
"443","KONZ","2020",4,58.351
"444","KONZ","2020",5,8.156
"445","KONZ","2020",6,1.037
"446","KONZ","2020",7,19.231
"447","KONZ","2020",8,57.395
"448","KONZ","2020",9,6.86
"449","KONZ","2020",10,148.925
"450","KONZ","2020",11,64.733
"451","KONZ","2020",12,0
"452","KONZ","2020",13,0
"453","KONZ","2020",14,0
"454","KONZ","2020",15,0
"455","KONZ","2020",16,0
"456","KONZ","2020",17,0
"457","KONZ","2020",18,0
"458","KONZ","2020",19,0
"459","KONZ","2020",20,0
"460","KONZ","2020",21,0
"461","KONZ","2020",22,0
"462","KONZ","2020",23,0
"463","KONZ","2020",24,0
"464","KONZ","2020",25,144.561
"465","KONZ","2020",26,154.118
"466","KONZ","2020",27,14.641
"467","KONZ","2020",28,143.285
"468","KONZ","2020",29,208.486
"469","KONZ","2020",30,52.637
"470","KONZ","2020",31,203.467
"471","KONZ","2020",32,10.062
"472","KONZ","2020",33,75.657
"473","KONZ","2020",34,0
"474","KONZ","2020",35,156.214
"475","KONZ","2020",36,8.13
"476","KONZ","2020",37,136.491
"477","KONZ","2020",38,0
"478","KONZ","2020",39,76.641
"479","KONZ","2020",40,0
"480","KONZ","2020",41,0
"481","KONZ","2020",42,0.064
"482","KONZ","2020",43,27.153
"483","KONZ","2020",44,0
"484","KONZ","2020",45,76.1789999999999
"485","KONZ","2020",46,0.258
"486","KONZ","2020",47,49.547
"487","KONZ","2020",48,143.337
"488","KONZ","2020",49,0.065
"489","KONZ","2020",50,7.614
"490","KONZ","2020",51,0.129
"491","KONZ","2020",52,76.425
"492","KONZ","2020",53,12.913
"493","KONZ","2021",1,6.127
"494","KONZ","2021",2,0.322
"495","KONZ","2021",3,0.322
"496","KONZ","2021",4,13.803
"497","KONZ","2021",5,39.106
"498","KONZ","2021",6,0.965
"499","KONZ","2021",7,2.446
"500","KONZ","2021",8,0.129
"501","KONZ","2021",9,0.128
"502","KONZ","2021",10,0
"503","KONZ","2021",11,286.861
"504","KONZ","2021",12,42.45
"505","KONZ","2021",13,132.488
"506","KONZ","2021",14,145.329
"507","KONZ","2021",15,31.855
"508","KONZ","2021",16,63.898
"509","KONZ","2021",17,12.883
"510","KONZ","2021",18,5.562
"511","KONZ","2021",19,116.808
"512","KONZ","2021",20,523.245
"513","KONZ","2021",21,157.237
"514","KONZ","2021",22,90.0949999999999
"515","KONZ","2021",23,0
"516","KONZ","2021",24,0.778
"517","KONZ","2021",25,11.064
"518","KONZ","2021",26,100.828
"519","KONZ","2021",27,17.206
"520","KONZ","2021",28,565.085
"521","KONZ","2021",29,0.907
"522","KONZ","2021",30,3.168
"523","KONZ","2021",31,23.367
"524","KONZ","2021",32,115.827
"525","KONZ","2021",33,51.993
"526","KONZ","2021",34,141.792
"527","KONZ","2021",35,46.753
"528","KONZ","2021",36,385.322
"529","KONZ","2021",37,1.944
"530","KONZ","2021",38,1.426
"531","KONZ","2021",39,23.635
"532","KONZ","2021",40,0.13
"533","KONZ","2021",41,156.154
"534","KONZ","2021",42,0
"535","KONZ","2021",43,131.634
"536","KONZ","2021",44,0.065
"537","KONZ","2021",45,183.989
"538","KONZ","2021",46,8.739
"539","KONZ","2021",47,0
"540","KONZ","2021",48,0
"541","KONZ","2021",49,0
"542","KONZ","2021",50,12.557
"543","KONZ","2021",51,0
"544","KONZ","2021",52,0
"545","KONZ","2021",53,0
"546","KONZ","2022",1,12.453
"547","KONZ","2022",2,3.049
"548","KONZ","2022",3,6.49100000000001
"549","KONZ","2022",4,0
"550","KONZ","2022",5,5
"551","KONZ","2022",6,0.13
"552","KONZ","2022",7,0
"553","KONZ","2022",8,1.237
"554","KONZ","2022",9,0
"555","KONZ","2022",10,41.403
"556","KONZ","2022",11,78.629
"557","KONZ","2022",12,234.457
"558","KONZ","2022",13,7.591
"559","LENO","2017",26,22.908
"560","LENO","2017",27,8.578
"561","LENO","2017",28,68.073
"562","LENO","2017",29,21.756
"563","LENO","2017",30,109.151
"564","LENO","2017",31,0.519
"565","LENO","2017",32,188.983
"566","LENO","2017",33,13.169
"567","LENO","2017",34,4.055
"568","LENO","2017",35,117.519
"569","LENO","2017",36,16.102
"570","LENO","2017",37,1.355
"571","LENO","2017",38,0.323
"572","LENO","2017",39,1.55
"573","LENO","2017",40,0
"574","LENO","2017",41,0
"575","LENO","2017",42,1.483
"576","LENO","2017",43,55.978
"577","LENO","2017",44,32.851
"578","LENO","2017",45,18.553
"579","LENO","2017",46,0.065
"580","LENO","2017",47,2.965
"581","LENO","2017",48,5.097
"582","LENO","2017",49,52.954
"583","LENO","2017",50,0
"584","LENO","2017",51,67.099
"585","LENO","2017",52,50.695
"586","LENO","2017",53,8.443
"587","LENO","2018",1,0
"588","LENO","2018",2,40.499
"589","LENO","2018",3,1.485
"590","LENO","2018",4,41.498
"591","LENO","2018",5,21.234
"592","LENO","2018",6,57.826
"593","LENO","2018",7,12.586
"594","LENO","2018",8,35.634
"595","LENO","2018",9,87.803
"596","LENO","2018",10,75.801
"597","LENO","2018",11,83.593
"598","LENO","2018",12,0
"599","LENO","2018",13,53.849
"600","LENO","2018",14,128.806
"601","LENO","2018",15,185.14
"602","LENO","2018",16,5.198
"603","LENO","2018",17,17.477
"604","LENO","2018",18,1.92
"605","LENO","2018",19,0
"606","LENO","2018",20,56.378
"607","LENO","2018",21,56.446
"608","LENO","2018",22,88.183
"609","LENO","2018",23,2.875
"610","LENO","2018",24,136.5
"611","LENO","2018",25,1.283
"612","LENO","2018",26,50.144
"613","LENO","2018",27,51.314
"614","LENO","2018",28,24.76
"615","LENO","2018",29,34.15
"616","LENO","2018",30,0
"617","LENO","2018",31,48.1
"618","LENO","2018",32,25.937
"619","LENO","2018",33,50.601
"620","LENO","2018",34,25.492
"621","LENO","2018",35,54.915
"622","LENO","2018",36,94.761
"623","LENO","2018",37,44.447
"624","LENO","2018",38,0
"625","LENO","2018",39,73.298
"626","LENO","2018",40,0.128
"627","LENO","2018",41,0.129
"628","LENO","2018",42,10.444
"629","LENO","2018",43,18.479
"630","LENO","2018",44,50.435
"631","LENO","2018",45,81.785
"632","LENO","2018",46,116.538
"633","LENO","2018",47,49.402
"634","LENO","2018",48,46.195
"635","LENO","2018",49,90.165
"636","LENO","2018",50,13.719
"637","LENO","2018",51,51.781
"638","LENO","2018",52,327.49
"639","LENO","2018",53,2.826
"640","LENO","2019",1,3764.012
"641","LENO","2019",2,318.273
"642","LENO","2019",3,53.625
"643","LENO","2019",4,5.24
"644","LENO","2019",5,0
"645","LENO","2019",6,0
"646","LENO","2019",7,0.191
"647","LENO","2019",8,1.722
"648","LENO","2019",9,4.001
"649","LENO","2019",10,0
"650","LENO","2019",11,0
"651","LENO","2019",12,0
"652","LENO","2019",13,0
"653","LENO","2019",14,0
"654","LENO","2019",15,0
"655","LENO","2019",16,0
"656","LENO","2019",17,0
"657","LENO","2019",18,0
"658","LENO","2019",19,0
"659","LENO","2019",20,0
"660","LENO","2019",21,0
"661","LENO","2019",22,0
"662","LENO","2019",23,4.013
"663","LENO","2019",24,4.262
"664","LENO","2019",25,0.128
"665","LENO","2019",26,1.78
"666","LENO","2019",27,1.782
"667","LENO","2019",28,0.766
"668","LENO","2019",29,8.84
"669","LENO","2019",30,0
"670","LENO","2019",31,7.643
"671","LENO","2019",32,14.499
"672","LENO","2019",33,17.614
"673","LENO","2019",34,7.38
"674","LENO","2019",35,5.28
"675","LENO","2019",36,3.181
"676","LENO","2019",37,5.47
"677","LENO","2019",38,0
"678","LENO","2019",39,0
"679","LENO","2019",40,9.858
"680","LENO","2019",41,1.081
"681","LENO","2019",42,0.255
"682","LENO","2019",43,0.383
"683","LENO","2019",44,0.127
"684","LENO","2019",45,52.605
"685","LENO","2019",46,81.465
"686","LENO","2019",47,67.419
"687","LENO","2019",48,52.333
"688","LENO","2019",49,35.331
"689","LENO","2019",50,90.782
"690","LENO","2019",51,233.759
"691","LENO","2019",52,28.614
"692","LENO","2019",53,0
"693","LENO","2020",1,147.361
"694","LENO","2020",2,182.991
"695","LENO","2020",3,43.482
"696","LENO","2020",4,7.219
"697","LENO","2020",5,16.932
"698","LENO","2020",6,143.109
"699","LENO","2020",7,0
"700","LENO","2020",8,0
"701","LENO","2020",9,0
"702","LENO","2020",10,0
"703","LENO","2020",11,0
"704","LENO","2020",12,0
"705","LENO","2020",13,0
"706","LENO","2020",14,0
"707","LENO","2020",15,0
"708","LENO","2020",16,0
"709","LENO","2020",17,0
"710","LENO","2020",18,0
"711","LENO","2020",19,0
"712","LENO","2020",20,0
"713","LENO","2020",21,0
"714","LENO","2020",22,0
"715","LENO","2020",23,0
"716","LENO","2020",24,0
"717","LENO","2020",25,0
"718","LENO","2020",26,0
"719","LENO","2020",27,0
"720","LENO","2020",28,0
"721","LENO","2020",29,0
"722","LENO","2020",30,0
"723","LENO","2020",31,0
"724","LENO","2020",32,0
"725","LENO","2020",33,0
"726","LENO","2020",34,0
"727","LENO","2020",35,0.193
"728","LENO","2020",36,0.835
"729","LENO","2020",37,1.154
"730","LENO","2020",38,8.514
"731","LENO","2020",39,5.263
"732","LENO","2020",40,0.257
"733","LENO","2020",41,58.231
"734","LENO","2020",42,0.129
"735","LENO","2020",43,26.001
"736","LENO","2020",44,204.297
"737","LENO","2020",45,2.704
"738","LENO","2020",46,6.56
"739","LENO","2020",47,0
"740","LENO","2020",48,448.272
"741","LENO","2020",49,36.945
"742","LENO","2020",50,59.965
"743","LENO","2020",51,43.753
"744","LENO","2020",52,88.155
"745","LENO","2020",53,0
"746","LENO","2021",1,93.61
"747","LENO","2021",2,27.988
"748","LENO","2021",3,0
"749","LENO","2021",4,218.306
"750","LENO","2021",5,1.476
"751","LENO","2021",6,416.615
"752","LENO","2021",7,120.377
"753","LENO","2021",8,0.065
"754","LENO","2021",9,86.739
"755","LENO","2021",10,0
"756","LENO","2021",11,372.425
"757","LENO","2021",12,269.904
"758","LENO","2021",13,88.22
"759","LENO","2021",14,54.053
"760","LENO","2021",15,284.37
"761","LENO","2021",16,0
"762","LENO","2021",17,364.749
"763","LENO","2021",18,31.388
"764","LENO","2021",19,104.812
"765","LENO","2021",20,0
"766","LENO","2021",21,0
"767","LENO","2021",22,11.68
"768","LENO","2021",23,0.962
"769","LENO","2021",24,0
"770","LENO","2021",25,0
"771","LENO","2021",26,0
"772","LENO","2021",27,0
"773","LENO","2021",28,0
"774","LENO","2021",29,0
"775","LENO","2021",30,0
"776","LENO","2021",31,0
"777","LENO","2021",32,0
"778","LENO","2021",33,0
"779","LENO","2021",34,0
"780","LENO","2021",35,0
"781","LENO","2021",36,0
"782","LENO","2021",37,0
"783","LENO","2021",38,0.13
"784","LENO","2021",39,13.445
"785","LENO","2021",40,9.143
"786","LENO","2021",41,0
"787","LENO","2021",42,12.767
"788","LENO","2021",43,80.203
"789","LENO","2021",44,0
"790","LENO","2021",45,0.129
"791","LENO","2021",46,0.129
"792","LENO","2021",47,10.483
"793","LENO","2021",48,3.688
"794","LENO","2021",49,72.636
"795","LENO","2021",50,12.882
"796","LENO","2021",51,109.478
"797","LENO","2021",52,14.114
"798","LENO","2021",53,0
"799","LENO","2022",1,139.927
"800","LENO","2022",2,36
"801","LENO","2022",3,211.151
"802","LENO","2022",4,4.382
"803","LENO","2022",5,304.004
"804","LENO","2022",6,0.065
"805","LENO","2022",7,59.872
"806","LENO","2022",8,37.511
"807","LENO","2022",9,0.385
"808","LENO","2022",10,78.371
"809","LENO","2022",11,254.191
"810","LENO","2022",12,84.4
"811","LENO","2022",13,28.956
"812","ORNL","2017",19,28.51
"813","ORNL","2017",20,9.038
"814","ORNL","2017",21,102.706
"815","ORNL","2017",22,36.006
"816","ORNL","2017",23,19.463
"817","ORNL","2017",24,26.66
"818","ORNL","2017",25,168.653
"819","ORNL","2017",26,161.889
"820","ORNL","2017",27,165.673
"821","ORNL","2017",28,6.946
"822","ORNL","2017",29,0.323
"823","ORNL","2017",30,222.163
"824","ORNL","2017",31,60.338
"825","ORNL","2017",32,240.211
"826","ORNL","2017",33,22.661
"827","ORNL","2017",34,0.13
"828","ORNL","2017",35,72.368
"829","ORNL","2017",36,145.526
"830","ORNL","2017",37,28.947
"831","ORNL","2017",38,12.988
"832","ORNL","2017",39,0
"833","ORNL","2017",40,0
"834","ORNL","2017",41,266.68
"835","ORNL","2017",42,25.851
"836","ORNL","2017",43,247.134
"837","ORNL","2017",44,23.381
"838","ORNL","2017",45,168.087
"839","ORNL","2017",46,3.443
"840","ORNL","2017",47,29.524
"841","ORNL","2017",48,6.299
"842","ORNL","2017",49,72.357
"843","ORNL","2017",50,0
"844","ORNL","2017",51,199.42
"845","ORNL","2017",52,0.455
"846","ORNL","2017",53,0
"847","ORNL","2018",1,0
"848","ORNL","2018",2,61.817
"849","ORNL","2018",3,3.698
"850","ORNL","2018",4,67.765
"851","ORNL","2018",5,118.73
"852","ORNL","2018",6,514.216
"853","ORNL","2018",7,121.212
"854","ORNL","2018",8,88.812
"855","ORNL","2018",9,189.892
"856","ORNL","2018",10,25.42
"857","ORNL","2018",11,27.649
"858","ORNL","2018",12,122.616
"859","ORNL","2018",13,54.921
"860","ORNL","2018",14,151.121
"861","ORNL","2018",15,155.56
"862","ORNL","2018",16,2.349
"863","ORNL","2018",17,173.318
"864","ORNL","2018",18,2.598
"865","ORNL","2018",19,3.053
"866","ORNL","2018",20,121.256
"867","ORNL","2018",21,79.974
"868","ORNL","2018",22,132.823
"869","ORNL","2018",23,0
"870","ORNL","2018",24,0
"871","ORNL","2018",25,14.104
"872","ORNL","2018",26,295.86
"873","ORNL","2018",27,145.884
"874","ORNL","2018",28,0
"875","ORNL","2018",29,268.505
"876","ORNL","2018",30,20.741
"877","ORNL","2018",31,62.357
"878","ORNL","2018",32,58.811
"879","ORNL","2018",33,25.342
"880","ORNL","2018",34,5.98
"881","ORNL","2018",35,2.54
"882","ORNL","2018",36,0.843
"883","ORNL","2018",37,67.34
"884","ORNL","2018",38,17.119
"885","ORNL","2018",39,398.283
"886","ORNL","2018",40,5.791
"887","ORNL","2018",41,53.563
"888","ORNL","2018",42,142.684
"889","ORNL","2018",43,115.785
"890","ORNL","2018",44,35.147
"891","ORNL","2018",45,204.325
"892","ORNL","2018",46,220.426
"893","ORNL","2018",47,43.107
"894","ORNL","2018",48,217.606
"895","ORNL","2018",49,168.409
"896","ORNL","2018",50,37.811
"897","ORNL","2018",51,196.64
"898","ORNL","2018",52,262.312
"899","ORNL","2018",53,13.208
"900","ORNL","2019",1,185.8
"901","ORNL","2019",2,63.3709999999999
"902","ORNL","2019",3,225.6
"903","ORNL","2019",4,129.032
"904","ORNL","2019",5,2.463
"905","ORNL","2019",6,172.86
"906","ORNL","2019",7,346.636
"907","ORNL","2019",8,662.32
"908","ORNL","2019",9,87.945
"909","ORNL","2019",10,131.43
"910","ORNL","2019",11,31.371
"911","ORNL","2019",12,19.811
"912","ORNL","2019",13,33.385
"913","ORNL","2019",14,86.396
"914","ORNL","2019",15,38.202
"915","ORNL","2019",16,53.584
"916","ORNL","2019",17,7.111
"917","ORNL","2019",18,40.818
"918","ORNL","2019",19,17.308
"919","ORNL","2019",20,1.168
"920","ORNL","2019",21,0.065
"921","ORNL","2019",22,0
"922","ORNL","2019",23,54.398
"923","ORNL","2019",24,38.812
"924","ORNL","2019",25,259.694
"925","ORNL","2019",26,9.379
"926","ORNL","2019",27,12.086
"927","ORNL","2019",28,125.029
"928","ORNL","2019",29,114.142
"929","ORNL","2019",30,50.012
"930","ORNL","2019",31,37.897
"931","ORNL","2019",32,3.554
"932","ORNL","2019",33,52.724
"933","ORNL","2019",34,130.717
"934","ORNL","2019",35,86.715
"935","ORNL","2019",36,0
"936","ORNL","2019",37,0
"937","ORNL","2019",38,0
"938","ORNL","2019",39,0.194
"939","ORNL","2019",40,25.814
"940","ORNL","2019",41,0
"941","ORNL","2019",42,76.949
"942","ORNL","2019",43,248.508
"943","ORNL","2019",44,148.423
"944","ORNL","2019",45,23.239
"945","ORNL","2019",46,29.257
"946","ORNL","2019",47,176.534
"947","ORNL","2019",48,296.035
"948","ORNL","2019",49,3.73
"949","ORNL","2019",50,144.864
"950","ORNL","2019",51,262.526
"951","ORNL","2019",52,64.828
"952","ORNL","2019",53,0
"953","ORNL","2020",1,539.02
"954","ORNL","2020",2,193.546
"955","ORNL","2020",3,105.495
"956","ORNL","2020",4,178.223
"957","ORNL","2020",5,58.826
"958","ORNL","2020",6,968.801
"959","ORNL","2020",7,277.808
"960","ORNL","2020",8,140.295
"961","ORNL","2020",9,265.308
"962","ORNL","2020",10,54.186
"963","ORNL","2020",11,122.597
"964","ORNL","2020",12,421.573
"965","ORNL","2020",13,168.885
"966","ORNL","2020",14,3.603
"967","ORNL","2020",15,232.914
"968","ORNL","2020",16,58.155
"969","ORNL","2020",17,51.715
"970","ORNL","2020",18,28.892
"971","ORNL","2020",19,20.828
"972","ORNL","2020",20,68.042
"973","ORNL","2020",21,70.222
"974","ORNL","2020",22,6.774
"975","ORNL","2020",23,26.05
"976","ORNL","2020",24,25.366
"977","ORNL","2020",25,53.092
"978","ORNL","2020",26,84.56
"979","ORNL","2020",27,15.057
"980","ORNL","2020",28,0.322
"981","ORNL","2020",29,1.093
"982","ORNL","2020",30,102.942
"983","ORNL","2020",31,140.508
"984","ORNL","2020",32,57.817
"985","ORNL","2020",33,97.412
"986","ORNL","2020",34,102.617
"987","ORNL","2020",35,80.855
"988","ORNL","2020",36,23.876
"989","ORNL","2020",37,35.801
"990","ORNL","2020",38,1.291
"991","ORNL","2020",39,382.819
"992","ORNL","2020",40,0
"993","ORNL","2020",41,206.168
"994","ORNL","2020",42,7.144
"995","ORNL","2020",43,120.511
"996","ORNL","2020",44,411.63
"997","ORNL","2020",45,0
"998","ORNL","2020",46,247.01
"999","ORNL","2020",47,14.237
"1000","ORNL","2020",48,81.906
"1001","ORNL","2020",49,61.01
"1002","ORNL","2020",50,118.097
"1003","ORNL","2020",51,39.106
"1004","ORNL","2020",52,136.615
"1005","ORNL","2020",53,1.097
"1006","ORNL","2021",1,28.429
"1007","ORNL","2021",2,50.439
"1008","ORNL","2021",3,46.147
"1009","ORNL","2021",4,105.776
"1010","ORNL","2021",5,67.675
"1011","ORNL","2021",6,155.671
"1012","ORNL","2021",7,260.506
"1013","ORNL","2021",8,49.823
"1014","ORNL","2021",9,237.564
"1015","ORNL","2021",10,0
"1016","ORNL","2021",11,245.59
"1017","ORNL","2021",12,203.403
"1018","ORNL","2021",13,433.775
"1019","ORNL","2021",14,31.768
"1020","ORNL","2021",15,34.1
"1021","ORNL","2021",16,6.215
"1022","ORNL","2021",17,74.905
"1023","ORNL","2021",18,252.592
"1024","ORNL","2021",19,83.319
"1025","ORNL","2021",20,0
"1026","ORNL","2021",21,0
"1027","ORNL","2021",22,114.46
"1028","ORNL","2021",23,74.061
"1029","ORNL","2021",24,177.061
"1030","ORNL","2021",25,231.837
"1031","ORNL","2021",26,37.07
"1032","ORNL","2021",27,100.014
"1033","ORNL","2021",28,179.344
"1034","ORNL","2021",29,151.148
"1035","ORNL","2021",30,3.089
"1036","ORNL","2021",31,122.475
"1037","ORNL","2021",32,20.015
"1038","ORNL","2021",33,255.241
"1039","ORNL","2021",34,99.515
"1040","ORNL","2021",35,379.913
"1041","ORNL","2021",36,11.409
"1042","ORNL","2021",37,0.064
"1043","ORNL","2021",38,229.824
"1044","ORNL","2021",39,0
"1045","ORNL","2021",40,234.818
"1046","ORNL","2021",41,5.12
"1047","ORNL","2021",42,227.723
"1048","ORNL","2021",43,38.587
"1049","ORNL","2021",44,57.955
"1050","ORNL","2021",45,37.077
"1051","ORNL","2021",46,22.345
"1052","ORNL","2021",47,51.386
"1053","ORNL","2021",48,13.137
"1054","ORNL","2021",49,76.824
"1055","ORNL","2021",50,98.862
"1056","ORNL","2021",51,145.295
"1057","ORNL","2021",52,135.498
"1058","ORNL","2021",53,0.129
"1059","ORNL","2022",1,337.147
"1060","ORNL","2022",2,142.875
"1061","ORNL","2022",3,175.249
"1062","ORNL","2022",4,0
"1063","ORNL","2022",5,251.905
"1064","ORNL","2022",6,0
"1065","ORNL","2022",7,80.772
"1066","ORNL","2022",8,534.687
"1067","ORNL","2022",9,46.435
"1068","ORNL","2022",10,171.389
"1069","ORNL","2022",11,37.169
"1070","ORNL","2022",12,61.979
"1071","ORNL","2022",13,3.646
"1072","OSBS","2016",39,7.389
"1073","OSBS","2016",40,207.575
"1074","OSBS","2016",41,120.171
"1075","OSBS","2016",42,10.416
"1076","OSBS","2016",43,0.129
"1077","OSBS","2016",44,14.204
"1078","OSBS","2016",45,2.375
"1079","OSBS","2016",46,0.064
"1080","OSBS","2016",47,0
"1081","OSBS","2016",48,2.503
"1082","OSBS","2016",49,54.041
"1083","OSBS","2016",50,0.193
"1084","OSBS","2016",51,10.688
"1085","OSBS","2016",52,6.548
"1086","OSBS","2016",53,0
"1087","OSBS","2017",1,86.899
"1088","OSBS","2017",2,1.224
"1089","OSBS","2017",3,3.351
"1090","OSBS","2017",4,27.539
"1091","OSBS","2017",5,0
"1092","OSBS","2017",6,102.032
"1093","OSBS","2017",7,2.771
"1094","OSBS","2017",8,48.664
"1095","OSBS","2017",9,27.413
"1096","OSBS","2017",10,0
"1097","OSBS","2017",11,68.174
"1098","OSBS","2017",12,0
"1099","OSBS","2017",13,0
"1100","OSBS","2017",14,241.335
"1101","OSBS","2017",15,0
"1102","OSBS","2017",16,0
"1103","OSBS","2017",17,1.737
"1104","OSBS","2017",18,10.487
"1105","OSBS","2017",19,1.028
"1106","OSBS","2017",20,10.689
"1107","OSBS","2017",21,322.261
"1108","OSBS","2017",22,99.061
"1109","OSBS","2017",23,337.921
"1110","OSBS","2017",24,115.303
"1111","OSBS","2017",25,143.907
"1112","OSBS","2017",26,237.517
"1113","OSBS","2017",27,184.898
"1114","OSBS","2017",28,110.14
"1115","OSBS","2017",29,31.402
"1116","OSBS","2017",30,99.972
"1117","OSBS","2017",31,125.637
"1118","OSBS","2017",32,8.703
"1119","OSBS","2017",33,166.232
"1120","OSBS","2017",34,102.785
"1121","OSBS","2017",35,138.991
"1122","OSBS","2017",36,52.844
"1123","OSBS","2017",37,367.422
"1124","OSBS","2017",38,9.732
"1125","OSBS","2017",39,35.073
"1126","OSBS","2017",40,109.045
"1127","OSBS","2017",41,21.141
"1128","OSBS","2017",42,40.47
"1129","OSBS","2017",43,34.673
"1130","OSBS","2017",44,0.842
"1131","OSBS","2017",45,0.388
"1132","OSBS","2017",46,1.165
"1133","OSBS","2017",47,85.866
"1134","OSBS","2017",48,1.748
"1135","OSBS","2017",49,57.171
"1136","OSBS","2017",50,0.453
"1137","OSBS","2017",51,2.583
"1138","OSBS","2017",52,8.986
"1139","OSBS","2017",53,0
"1140","OSBS","2018",1,122.403
"1141","OSBS","2018",2,55.106
"1142","OSBS","2018",3,0.58
"1143","OSBS","2018",4,131.913
"1144","OSBS","2018",5,183.374
"1145","OSBS","2018",6,1.546
"1146","OSBS","2018",7,55.65
"1147","OSBS","2018",8,0.836
"1148","OSBS","2018",9,12.115
"1149","OSBS","2018",10,13.786
"1150","OSBS","2018",11,2.901
"1151","OSBS","2018",12,143.751
"1152","OSBS","2018",13,17.212
"1153","OSBS","2018",14,46.114
"1154","OSBS","2018",15,824.207
"1155","OSBS","2018",16,2.191
"1156","OSBS","2018",17,181.96
"1157","OSBS","2018",18,0
"1158","OSBS","2018",19,0
"1159","OSBS","2018",20,357.312
"1160","OSBS","2018",21,187.641
"1161","OSBS","2018",22,426.761
"1162","OSBS","2018",23,115.25
"1163","OSBS","2018",24,92.683
"1164","OSBS","2018",25,427.8
"1165","OSBS","2018",26,124.424
"1166","OSBS","2018",27,138.917
"1167","OSBS","2018",28,113.299
"1168","OSBS","2018",29,351.684
"1169","OSBS","2018",30,125.859
"1170","OSBS","2018",31,102.154
"1171","OSBS","2018",32,67.215
"1172","OSBS","2018",33,95.479
"1173","OSBS","2018",34,237.821
"1174","OSBS","2018",35,142.093
"1175","OSBS","2018",36,49.682
"1176","OSBS","2018",37,70.136
"1177","OSBS","2018",38,23.916
"1178","OSBS","2018",39,264.278
"1179","OSBS","2018",40,37.438
"1180","OSBS","2018",41,50.285
"1181","OSBS","2018",42,8.127
"1182","OSBS","2018",43,47.499
"1183","OSBS","2018",44,46.478
"1184","OSBS","2018",45,150.134
"1185","OSBS","2018",46,101.888
"1186","OSBS","2018",47,4.256
"1187","OSBS","2018",48,140.127
"1188","OSBS","2018",49,104.599
"1189","OSBS","2018",50,330.225
"1190","OSBS","2018",51,204.841
"1191","OSBS","2018",52,79.673
"1192","OSBS","2018",53,0.129
"1193","OSBS","2019",1,40.08
"1194","OSBS","2019",2,9.278
"1195","OSBS","2019",3,108.142
"1196","OSBS","2019",4,334.466
"1197","OSBS","2019",5,67.581
"1198","OSBS","2019",6,12.912
"1199","OSBS","2019",7,16.247
"1200","OSBS","2019",8,26.318
"1201","OSBS","2019",9,117.982
"1202","OSBS","2019",10,3.783
"1203","OSBS","2019",11,2.256
"1204","OSBS","2019",12,0
"1205","OSBS","2019",13,77.8459999999999
"1206","OSBS","2019",14,63.184
"1207","OSBS","2019",15,1.926
"1208","OSBS","2019",16,154.836
"1209","OSBS","2019",17,65.161
"1210","OSBS","2019",18,207.111
"1211","OSBS","2019",19,22.838
"1212","OSBS","2019",20,0.065
"1213","OSBS","2019",21,0
"1214","OSBS","2019",22,15.854
"1215","OSBS","2019",23,151.017
"1216","OSBS","2019",24,236.25
"1217","OSBS","2019",25,103.599
"1218","OSBS","2019",26,139.045
"1219","OSBS","2019",27,93.988
"1220","OSBS","2019",28,57.109
"1221","OSBS","2019",29,63.311
"1222","OSBS","2019",30,103.447
"1223","OSBS","2019",31,19.963
"1224","OSBS","2019",32,113.844
"1225","OSBS","2019",33,201.708
"1226","OSBS","2019",34,72.61
"1227","OSBS","2019",35,227.98
"1228","OSBS","2019",36,159.583
"1229","OSBS","2019",37,11.355
"1230","OSBS","2019",38,5.742
"1231","OSBS","2019",39,0
"1232","OSBS","2019",40,55.332
"1233","OSBS","2019",41,26.315
"1234","OSBS","2019",42,187.889
"1235","OSBS","2019",43,55.561
"1236","OSBS","2019",44,20.582
"1237","OSBS","2019",45,55.079
"1238","OSBS","2019",46,136.014
"1239","OSBS","2019",47,52.302
"1240","OSBS","2019",48,0.452
"1241","OSBS","2019",49,0.323
"1242","OSBS","2019",50,98.863
"1243","OSBS","2019",51,438.23
"1244","OSBS","2019",52,41.198
"1245","OSBS","2019",53,0
"1246","OSBS","2020",1,62.126
"1247","OSBS","2020",2,0.064
"1248","OSBS","2020",3,9.283
"1249","OSBS","2020",4,1.353
"1250","OSBS","2020",5,0.581
"1251","OSBS","2020",6,39.957
"1252","OSBS","2020",7,4.645
"1253","OSBS","2020",8,29.93
"1254","OSBS","2020",9,59.309
"1255","OSBS","2020",10,5.348
"1256","OSBS","2020",11,0
"1257","OSBS","2020",12,1.934
"1258","OSBS","2020",13,35.976
"1259","OSBS","2020",14,133.183
"1260","OSBS","2020",15,167.749
"1261","OSBS","2020",16,149.801
"1262","OSBS","2020",17,33.412
"1263","OSBS","2020",18,33.435
"1264","OSBS","2020",19,27.02
"1265","OSBS","2020",20,5.858
"1266","OSBS","2020",21,47.219
"1267","OSBS","2020",22,236.493
"1268","OSBS","2020",23,462.078
"1269","OSBS","2020",24,77.18
"1270","OSBS","2020",25,136.323
"1271","OSBS","2020",26,10.05
"1272","OSBS","2020",27,174.826
"1273","OSBS","2020",28,26.9
"1274","OSBS","2020",29,90.079
"1275","OSBS","2020",30,66.86
"1276","OSBS","2020",31,147.075
"1277","OSBS","2020",32,98.1
"1278","OSBS","2020",33,184.901
"1279","OSBS","2020",34,131.253
"1280","OSBS","2020",35,188.509
"1281","OSBS","2020",36,8.938
"1282","OSBS","2020",37,194.547
"1283","OSBS","2020",38,200.684
"1284","OSBS","2020",39,70.693
"1285","OSBS","2020",40,84.4899999999999
"1286","OSBS","2020",41,132.118
"1287","OSBS","2020",42,20.581
"1288","OSBS","2020",43,230.821
"1289","OSBS","2020",44,39.621
"1290","OSBS","2020",45,157.79
"1291","OSBS","2020",46,112.416
"1292","OSBS","2020",47,37.985
"1293","OSBS","2020",48,26.961
"1294","OSBS","2020",49,43.225
"1295","OSBS","2020",50,1.671
"1296","OSBS","2020",51,80.783
"1297","OSBS","2020",52,82.084
"1298","OSBS","2020",53,0
"1299","OSBS","2021",1,6.698
"1300","OSBS","2021",2,5.86
"1301","OSBS","2021",3,7.277
"1302","OSBS","2021",4,40.188
"1303","OSBS","2021",5,9.279
"1304","OSBS","2021",6,256.509
"1305","OSBS","2021",7,240.835
"1306","OSBS","2021",8,71.324
"1307","OSBS","2021",9,214.999
"1308","OSBS","2021",10,11.076
"1309","OSBS","2021",11,24.157
"1310","OSBS","2021",12,11.334
"1311","OSBS","2021",13,0
"1312","OSBS","2021",14,0
"1313","OSBS","2021",15,0
"1314","OSBS","2021",16,305.131
"1315","OSBS","2021",17,10.887
"1316","OSBS","2021",18,28.603
"1317","OSBS","2021",19,17.137
"1318","OSBS","2021",20,2.187
"1319","OSBS","2021",21,0
"1320","OSBS","2021",22,172.55
"1321","OSBS","2021",23,57.49
"1322","OSBS","2021",24,252.623
"1323","OSBS","2021",25,464.186
"1324","OSBS","2021",26,148.13
"1325","OSBS","2021",27,585.467
"1326","OSBS","2021",28,22.027
"1327","OSBS","2021",29,153.794
"1328","OSBS","2021",30,374.71
"1329","OSBS","2021",31,241.282
"1330","OSBS","2021",32,6.881
"1331","OSBS","2021",33,252.43
"1332","OSBS","2021",34,81.851
"1333","OSBS","2021",35,119.366
"1334","OSBS","2021",36,58.255
"1335","OSBS","2021",37,289.392
"1336","OSBS","2021",38,170.924
"1337","OSBS","2021",39,0
"1338","OSBS","2021",40,82.748
"1339","OSBS","2021",41,17.417
"1340","OSBS","2021",42,1.61
"1341","OSBS","2021",43,106.165
"1342","OSBS","2021",44,12.202
"1343","OSBS","2021",45,262.61
"1344","OSBS","2021",46,3.803
"1345","OSBS","2021",47,2.909
"1346","OSBS","2021",48,0
"1347","OSBS","2021",49,60.175
"1348","OSBS","2021",50,23.227
"1349","OSBS","2021",51,187.156
"1350","OSBS","2021",52,0.843
"1351","OSBS","2021",53,0
"1352","OSBS","2022",1,4.396
"1353","OSBS","2022",2,0.389
"1354","OSBS","2022",3,54.825
"1355","OSBS","2022",4,34.387
"1356","OSBS","2022",5,0
"1357","OSBS","2022",6,59.77
"1358","OSBS","2022",7,9.816
"1359","OSBS","2022",8,0.065
"1360","OSBS","2022",9,95.608
"1361","OSBS","2022",10,554.272
"1362","OSBS","2022",11,255.081
"1363","OSBS","2022",12,73.288
"1364","OSBS","2022",13,69.027
"1365","SCBI","2017",8,4.88
"1366","SCBI","2017",9,11.039
"1367","SCBI","2017",10,21.634
"1368","SCBI","2017",11,49.966
"1369","SCBI","2017",12,18.112
"1370","SCBI","2017",13,64.766
"1371","SCBI","2017",14,42.442
"1372","SCBI","2017",15,1.283
"1373","SCBI","2017",16,22.443
"1374","SCBI","2017",17,17.128
"1375","SCBI","2017",18,17.797
"1376","SCBI","2017",19,0.386
"1377","SCBI","2017",20,0.325
"1378","SCBI","2017",21,0.13
"1379","SCBI","2017",22,0
"1380","SCBI","2017",23,0.768
"1381","SCBI","2017",24,21.228
"1382","SCBI","2017",25,20.141
"1383","SCBI","2017",26,1.413
"1384","SCBI","2017",27,20.633
"1385","SCBI","2017",28,30.256
"1386","SCBI","2017",29,37.095
"1387","SCBI","2017",30,50.764
"1388","SCBI","2017",31,0.064
"1389","SCBI","2017",32,199.486
"1390","SCBI","2017",33,2.246
"1391","SCBI","2017",34,12.969
"1392","SCBI","2017",35,54.472
"1393","SCBI","2017",36,31.455
"1394","SCBI","2017",37,2.433
"1395","SCBI","2017",38,0
"1396","SCBI","2017",39,0
"1397","SCBI","2017",40,0
"1398","SCBI","2017",41,115.938
"1399","SCBI","2017",42,8.603
"1400","SCBI","2017",43,53.685
"1401","SCBI","2017",44,203.076
"1402","SCBI","2017",45,105.271
"1403","SCBI","2017",46,4.361
"1404","SCBI","2017",47,0.518
"1405","SCBI","2017",48,0
"1406","SCBI","2017",49,5.227
"1407","SCBI","2017",50,12.285
"1408","SCBI","2017",51,40.387
"1409","SCBI","2017",52,2.97
"1410","SCBI","2017",53,0
"1411","SCBI","2018",1,0
"1412","SCBI","2018",2,287.594
"1413","SCBI","2018",3,0.454
"1414","SCBI","2018",4,38.378
"1415","SCBI","2018",5,0.454
"1416","SCBI","2018",6,53.254
"1417","SCBI","2018",7,35.978
"1418","SCBI","2018",8,47.054
"1419","SCBI","2018",9,3.754
"1420","SCBI","2018",10,1.167
"1421","SCBI","2018",11,0
"1422","SCBI","2018",12,106.671
"1423","SCBI","2018",13,24.699
"1424","SCBI","2018",14,25.047
"1425","SCBI","2018",15,10.511
"1426","SCBI","2018",16,97.403
"1427","SCBI","2018",17,76.815
"1428","SCBI","2018",18,14.331
"1429","SCBI","2018",19,42.206
"1430","SCBI","2018",20,171.908
"1431","SCBI","2018",21,19.417
"1432","SCBI","2018",22,330.816
"1433","SCBI","2018",23,35.905
"1434","SCBI","2018",24,31.987
"1435","SCBI","2018",25,272.415
"1436","SCBI","2018",26,0
"1437","SCBI","2018",27,1.428
"1438","SCBI","2018",28,0
"1439","SCBI","2018",29,86.223
"1440","SCBI","2018",30,201.147
"1441","SCBI","2018",31,169.963
"1442","SCBI","2018",32,55.84
"1443","SCBI","2018",33,54.149
"1444","SCBI","2018",34,60.883
"1445","SCBI","2018",35,0.904
"1446","SCBI","2018",36,140.556
"1447","SCBI","2018",37,35.813
"1448","SCBI","2018",38,63.272
"1449","SCBI","2018",39,67.294
"1450","SCBI","2018",40,4.9
"1451","SCBI","2018",41,30.877
"1452","SCBI","2018",42,0.645
"1453","SCBI","2018",43,202.321
"1454","SCBI","2018",44,92.761
"1455","SCBI","2018",45,149.588
"1456","SCBI","2018",46,131.129
"1457","SCBI","2018",47,91.854
"1458","SCBI","2018",48,25.333
"1459","SCBI","2018",49,1.671
"1460","SCBI","2018",50,226.411
"1461","SCBI","2018",51,116.791
"1462","SCBI","2018",52,38.203
"1463","SCBI","2018",53,17.767
"1464","SCBI","2019",1,19.895
"1465","SCBI","2019",2,3.73
"1466","SCBI","2019",3,96.032
"1467","SCBI","2019",4,30.129
"1468","SCBI","2019",5,1.545
"1469","SCBI","2019",6,19.175
"1470","SCBI","2019",7,82.948
"1471","SCBI","2019",8,94.338
"1472","SCBI","2019",9,88.788
"1473","SCBI","2019",10,26.356
"1474","SCBI","2019",11,0
"1475","SCBI","2019",12,181.524
"1476","SCBI","2019",13,2.898
"1477","SCBI","2019",14,25.158
"1478","SCBI","2019",15,70.622
"1479","SCBI","2019",16,6.941
"1480","SCBI","2019",17,0
"1481","SCBI","2019",18,0.129
"1482","SCBI","2019",19,40.319
"1483","SCBI","2019",20,12.719
"1484","SCBI","2019",21,43.655
"1485","SCBI","2019",22,22.029
"1486","SCBI","2019",23,31.909
"1487","SCBI","2019",24,9.882
"1488","SCBI","2019",25,17.574
"1489","SCBI","2019",26,0.648
"1490","SCBI","2019",27,1.028
"1491","SCBI","2019",28,0.193
"1492","SCBI","2019",29,1.093
"1493","SCBI","2019",30,0.519
"1494","SCBI","2019",31,0.838
"1495","SCBI","2019",32,0.259
"1496","SCBI","2019",33,10.691
"1497","SCBI","2019",34,1.603
"1498","SCBI","2019",35,4.674
"1499","SCBI","2019",36,0.065
"1500","SCBI","2019",37,3.589
"1501","SCBI","2019",38,2.371
"1502","SCBI","2019",39,7.042
"1503","SCBI","2019",40,1.09
"1504","SCBI","2019",41,3.713
"1505","SCBI","2019",42,0
"1506","SCBI","2019",43,0
"1507","SCBI","2019",44,0
"1508","SCBI","2019",45,0
"1509","SCBI","2019",46,0
"1510","SCBI","2019",47,0
"1511","SCBI","2019",48,0
"1512","SCBI","2019",49,0
"1513","SCBI","2019",50,0
"1514","SCBI","2019",51,0
"1515","SCBI","2019",52,0
"1516","SCBI","2019",53,0
"1517","SCBI","2020",1,0
"1518","SCBI","2020",2,0
"1519","SCBI","2020",3,0
"1520","SCBI","2020",4,0
"1521","SCBI","2020",5,0
"1522","SCBI","2020",6,0
"1523","SCBI","2020",7,0
"1524","SCBI","2020",8,0
"1525","SCBI","2020",9,0
"1526","SCBI","2020",10,0
"1527","SCBI","2020",11,0
"1528","SCBI","2020",12,0
"1529","SCBI","2020",13,0
"1530","SCBI","2020",14,0
"1531","SCBI","2020",15,0
"1532","SCBI","2020",16,0
"1533","SCBI","2020",17,0
"1534","SCBI","2020",18,0
"1535","SCBI","2020",19,0
"1536","SCBI","2020",20,0
"1537","SCBI","2020",21,0
"1538","SCBI","2020",22,0
"1539","SCBI","2020",23,0
"1540","SCBI","2020",24,0
"1541","SCBI","2020",25,0
"1542","SCBI","2020",26,0
"1543","SCBI","2020",27,0
"1544","SCBI","2020",28,0
"1545","SCBI","2020",29,0
"1546","SCBI","2020",30,0
"1547","SCBI","2020",31,0
"1548","SCBI","2020",32,0
"1549","SCBI","2020",33,0
"1550","SCBI","2020",34,0
"1551","SCBI","2020",35,0
"1552","SCBI","2020",36,0
"1553","SCBI","2020",37,0
"1554","SCBI","2020",38,0
"1555","SCBI","2020",39,0
"1556","SCBI","2020",40,0
"1557","SCBI","2020",41,0
"1558","SCBI","2020",42,0
"1559","SCBI","2020",43,0
"1560","SCBI","2020",44,0
"1561","SCBI","2020",45,0
"1562","SCBI","2020",46,0
"1563","SCBI","2020",47,0
"1564","SCBI","2020",48,0
"1565","SCBI","2020",49,0
"1566","SCBI","2020",50,0
"1567","SCBI","2020",51,0
"1568","SCBI","2020",52,0
"1569","SCBI","2020",53,0
"1570","SCBI","2021",1,0
"1571","SCBI","2021",2,0
"1572","SCBI","2021",3,0
"1573","SCBI","2021",4,0
"1574","SCBI","2021",5,0
"1575","SCBI","2021",6,0
"1576","SCBI","2021",7,0
"1577","SCBI","2021",8,0
"1578","SCBI","2021",9,0
"1579","SCBI","2021",10,0
"1580","SCBI","2021",11,0
"1581","SCBI","2021",12,0
"1582","SCBI","2021",13,0
"1583","SCBI","2021",14,0
"1584","SCBI","2021",15,0
"1585","SCBI","2021",16,0
"1586","SCBI","2021",17,0.13
"1587","SCBI","2021",18,73.295
"1588","SCBI","2021",19,9.786
"1589","SCBI","2021",20,0.325
"1590","SCBI","2021",21,5.388
"1591","SCBI","2021",22,93.829
"1592","SCBI","2021",23,20.997
"1593","SCBI","2021",24,241.093
"1594","SCBI","2021",25,22.724
"1595","SCBI","2021",26,32.982
"1596","SCBI","2021",27,17.23
"1597","SCBI","2021",28,6.389
"1598","SCBI","2021",29,6.896
"1599","SCBI","2021",30,6.267
"1600","SCBI","2021",31,0.064
"1601","SCBI","2021",32,100.935
"1602","SCBI","2021",33,324.861
"1603","SCBI","2021",34,27.264
"1604","SCBI","2021",35,368.437
"1605","SCBI","2021",36,249.43
"1606","SCBI","2021",37,12.784
"1607","SCBI","2021",38,479.353
"1608","SCBI","2021",39,0.065
"1609","SCBI","2021",40,47.887
"1610","SCBI","2021",41,89.971
"1611","SCBI","2021",42,27.064
"1612","SCBI","2021",43,31.001
"1613","SCBI","2021",44,397.662
"1614","SCBI","2021",45,0
"1615","SCBI","2021",46,159.957
"1616","SCBI","2021",47,1.283
"1617","SCBI","2021",48,0.064
"1618","SCBI","2021",49,0.064
"1619","SCBI","2021",50,0
"1620","SCBI","2021",51,10.193
"1621","SCBI","2021",52,43.842
"1622","SCBI","2021",53,0.517
"1623","SCBI","2022",1,138.502
"1624","SCBI","2022",2,42.48
"1625","SCBI","2022",3,81.306
"1626","SCBI","2022",4,0.064
"1627","SCBI","2022",5,90.455
"1628","SCBI","2022",6,0.584
"1629","SCBI","2022",7,20.759
"1630","SCBI","2022",8,101.509
"1631","SCBI","2022",9,0.064
"1632","SCBI","2022",10,47.7
"1633","SCBI","2022",11,71.402
"1634","SCBI","2022",12,43.921
"1635","SCBI","2022",13,12.831
"1636","SERC","2016",8,0
"1637","SERC","2016",9,0
"1638","SERC","2016",10,0
"1639","SERC","2016",11,0
"1640","SERC","2016",12,0
"1641","SERC","2016",13,0
"1642","SERC","2016",14,0
"1643","SERC","2016",15,0
"1644","SERC","2016",16,0
"1645","SERC","2016",17,20.057
"1646","SERC","2016",18,72.277
"1647","SERC","2016",19,0
"1648","SERC","2016",20,2.116
"1649","SERC","2016",21,0.904
"1650","SERC","2016",22,4.64
"1651","SERC","2016",23,0.52
"1652","SERC","2016",24,0.583
"1653","SERC","2016",25,79.907
"1654","SERC","2016",26,30.552
"1655","SERC","2016",27,62.245
"1656","SERC","2016",28,112.609
"1657","SERC","2016",29,34.232
"1658","SERC","2016",30,30.701
"1659","SERC","2016",31,151.88
"1660","SERC","2016",32,0.26
"1661","SERC","2016",33,40.849
"1662","SERC","2016",34,53.478
"1663","SERC","2016",35,24.21
"1664","SERC","2016",36,0
"1665","SERC","2016",37,0
"1666","SERC","2016",38,100.749
"1667","SERC","2016",39,93.364
"1668","SERC","2016",40,45.206
"1669","SERC","2016",41,0
"1670","SERC","2016",42,0
"1671","SERC","2016",43,13.532
"1672","SERC","2016",44,0
"1673","SERC","2016",45,10.937
"1674","SERC","2016",46,0
"1675","SERC","2016",47,0.775
"1676","SERC","2016",48,48.218
"1677","SERC","2016",49,91.035
"1678","SERC","2016",50,13.533
"1679","SERC","2016",51,26.018
"1680","SERC","2016",52,47.05
"1681","SERC","2016",53,0
"1682","SERC","2017",1,81.576
"1683","SERC","2017",2,26.159
"1684","SERC","2017",3,26.681
"1685","SERC","2017",4,45.055
"1686","SERC","2017",5,3.883
"1687","SERC","2017",6,20.456
"1688","SERC","2017",7,5.501
"1689","SERC","2017",8,5.952
"1690","SERC","2017",9,28.499
"1691","SERC","2017",10,9.773
"1692","SERC","2017",11,89.5829999999999
"1693","SERC","2017",12,66.809
"1694","SERC","2017",13,81.97
"1695","SERC","2017",14,70.261
"1696","SERC","2017",15,0
"1697","SERC","2017",16,25.486
"1698","SERC","2017",17,40.289
"1699","SERC","2017",18,30.968
"1700","SERC","2017",19,52.227
"1701","SERC","2017",20,0.449
"1702","SERC","2017",21,64.045
"1703","SERC","2017",22,0
"1704","SERC","2017",23,4.348
"1705","SERC","2017",24,3.157
"1706","SERC","2017",25,52.806
"1707","SERC","2017",26,11.136
"1708","SERC","2017",27,122.728
"1709","SERC","2017",28,28.403
"1710","SERC","2017",29,47.684
"1711","SERC","2017",30,208.699
"1712","SERC","2017",31,7.431
"1713","SERC","2017",32,92.892
"1714","SERC","2017",33,89.794
"1715","SERC","2017",34,5.766
"1716","SERC","2017",35,115.113
"1717","SERC","2017",36,32.48
"1718","SERC","2017",37,1.599
"1719","SERC","2017",38,0.768
"1720","SERC","2017",39,0
"1721","SERC","2017",40,0
"1722","SERC","2017",41,56.705
"1723","SERC","2017",42,4.74
"1724","SERC","2017",43,0.128
"1725","SERC","2017",44,89.578
"1726","SERC","2017",45,123.126
"1727","SERC","2017",46,14.21
"1728","SERC","2017",47,16.648
"1729","SERC","2017",48,0.643
"1730","SERC","2017",49,11.052
"1731","SERC","2017",50,27.456
"1732","SERC","2017",51,7.653
"1733","SERC","2017",52,10.096
"1734","SERC","2017",53,0
"1735","SERC","2018",1,0.193
"1736","SERC","2018",2,56.907
"1737","SERC","2018",3,1.092
"1738","SERC","2018",4,37.222
"1739","SERC","2018",5,68.846
"1740","SERC","2018",6,244.373
"1741","SERC","2018",7,51.385
"1742","SERC","2018",8,19.493
"1743","SERC","2018",9,11.903
"1744","SERC","2018",10,37.226
"1745","SERC","2018",11,1.48
"1746","SERC","2018",12,94.702
"1747","SERC","2018",13,5.466
"1748","SERC","2018",14,3.989
"1749","SERC","2018",15,14.089
"1750","SERC","2018",16,53.749
"1751","SERC","2018",17,93.646
"1752","SERC","2018",18,0
"1753","SERC","2018",19,50.605
"1754","SERC","2018",20,348.205
"1755","SERC","2018",21,15.943
"1756","SERC","2018",22,67.684
"1757","SERC","2018",23,4.814
"1758","SERC","2018",24,13.816
"1759","SERC","2018",25,26.974
"1760","SERC","2018",26,2.11
"1761","SERC","2018",27,4.668
"1762","SERC","2018",28,0
"1763","SERC","2018",29,671.97
"1764","SERC","2018",30,151.786
"1765","SERC","2018",31,143.058
"1766","SERC","2018",32,3.743
"1767","SERC","2018",33,25.389
"1768","SERC","2018",34,54.848
"1769","SERC","2018",35,5.41
"1770","SERC","2018",36,267.492
"1771","SERC","2018",37,21.509
"1772","SERC","2018",38,153.589
"1773","SERC","2018",39,289.034
"1774","SERC","2018",40,16.698
"1775","SERC","2018",41,270.712
"1776","SERC","2018",42,13.103
"1777","SERC","2018",43,127.941
"1778","SERC","2018",44,92.8669999999999
"1779","SERC","2018",45,244.025
"1780","SERC","2018",46,215.673
"1781","SERC","2018",47,200.579
"1782","SERC","2018",48,74.255
"1783","SERC","2018",49,0
"1784","SERC","2018",50,338.341
"1785","SERC","2018",51,106.126
"1786","SERC","2018",52,172.547
"1787","SERC","2018",53,35.017
"1788","SERC","2019",1,33.902
"1789","SERC","2019",2,23.071
"1790","SERC","2019",3,115.619
"1791","SERC","2019",4,89.082
"1792","SERC","2019",5,32.268
"1793","SERC","2019",6,61.883
"1794","SERC","2019",7,142.694
"1795","SERC","2019",8,163.224
"1796","SERC","2019",9,159.773
"1797","SERC","2019",10,63.463
"1798","SERC","2019",11,0
"1799","SERC","2019",12,176.866
"1800","SERC","2019",13,5.949
"1801","SERC","2019",14,12.119
"1802","SERC","2019",15,67.404
"1803","SERC","2019",16,7.528
"1804","SERC","2019",17,10.978
"1805","SERC","2019",18,101.706
"1806","SERC","2019",19,85.429
"1807","SERC","2019",20,4.533
"1808","SERC","2019",21,21.607
"1809","SERC","2019",22,0.779
"1810","SERC","2019",23,0.195
"1811","SERC","2019",24,0.064
"1812","SERC","2019",25,0.066
"1813","SERC","2019",26,0.131
"1814","SERC","2019",27,0.457
"1815","SERC","2019",28,0.522
"1816","SERC","2019",29,0.13
"1817","SERC","2019",30,0.584
"1818","SERC","2019",31,7.934
"1819","SERC","2019",32,8.19
"1820","SERC","2019",33,0.129
"1821","SERC","2019",34,3.25
"1822","SERC","2019",35,0.645
"1823","SERC","2019",36,5.481
"1824","SERC","2019",37,2.7
"1825","SERC","2019",38,0
"1826","SERC","2019",39,0
"1827","SERC","2019",40,0.958
"1828","SERC","2019",41,0
"1829","SERC","2019",42,77.99
"1830","SERC","2019",43,43.428
"1831","SERC","2019",44,20.182
"1832","SERC","2019",45,1.412
"1833","SERC","2019",46,4.241
"1834","SERC","2019",47,39.698
"1835","SERC","2019",48,14.631
"1836","SERC","2019",49,41.155
"1837","SERC","2019",50,64.204
"1838","SERC","2019",51,7.62
"1839","SERC","2019",52,33.228
"1840","SERC","2019",53,0.13
"1841","SERC","2020",1,42.192
"1842","SERC","2020",2,25.431
"1843","SERC","2020",3,12.223
"1844","SERC","2020",4,57.127
"1845","SERC","2020",5,12.023
"1846","SERC","2020",6,91.166
"1847","SERC","2020",7,46.553
"1848","SERC","2020",8,27.101
"1849","SERC","2020",9,40.068
"1850","SERC","2020",10,20.434
"1851","SERC","2020",11,46.98
"1852","SERC","2020",12,119.903
"1853","SERC","2020",13,75.002
"1854","SERC","2020",14,20.337
"1855","SERC","2020",15,146.123
"1856","SERC","2020",16,27.139
"1857","SERC","2020",17,94.344
"1858","SERC","2020",18,106.483
"1859","SERC","2020",19,22.514
"1860","SERC","2020",20,0.13
"1861","SERC","2020",21,39.591
"1862","SERC","2020",22,4.413
"1863","SERC","2020",23,24.283
"1864","SERC","2020",24,0.196
"1865","SERC","2020",25,6.169
"1866","SERC","2020",26,0.853
"1867","SERC","2020",27,0.39
"1868","SERC","2020",28,0.066
"1869","SERC","2020",29,0.13
"1870","SERC","2020",30,0.064
"1871","SERC","2020",31,48.133
"1872","SERC","2020",32,0.132
"1873","SERC","2020",33,238.483
"1874","SERC","2020",34,8.974
"1875","SERC","2020",35,140.146
"1876","SERC","2020",36,295.367
"1877","SERC","2020",37,53.117
"1878","SERC","2020",38,44.544
"1879","SERC","2020",39,121.925
"1880","SERC","2020",40,145.083
"1881","SERC","2020",41,189.412
"1882","SERC","2020",42,52.747
"1883","SERC","2020",43,56.484
"1884","SERC","2020",44,306.54
"1885","SERC","2020",45,0
"1886","SERC","2020",46,350.986
"1887","SERC","2020",47,25.88
"1888","SERC","2020",48,127.371
"1889","SERC","2020",49,168.801
"1890","SERC","2020",50,97.263
"1891","SERC","2020",51,132.97
"1892","SERC","2020",52,76.063
"1893","SERC","2020",53,0
"1894","SERC","2021",1,104.842
"1895","SERC","2021",2,0
"1896","SERC","2021",3,28.777
"1897","SERC","2021",4,20.704
"1898","SERC","2021",5,43.887
"1899","SERC","2021",6,103.721
"1900","SERC","2021",7,120.792
"1901","SERC","2021",8,86.972
"1902","SERC","2021",9,147.471
"1903","SERC","2021",10,0
"1904","SERC","2021",11,61.078
"1905","SERC","2021",12,129.893
"1906","SERC","2021",13,150.367
"1907","SERC","2021",14,0.065
"1908","SERC","2021",15,77.005
"1909","SERC","2021",16,7.21
"1910","SERC","2021",17,92.0599999999999
"1911","SERC","2021",18,21.379
"1912","SERC","2021",19,20.956
"1913","SERC","2021",20,0
"1914","SERC","2021",21,17.044
"1915","SERC","2021",22,102.073
"1916","SERC","2021",23,50.189
"1917","SERC","2021",24,26.165
"1918","SERC","2021",25,15.141
"1919","SERC","2021",26,22.834
"1920","SERC","2021",27,1.559
"1921","SERC","2021",28,5.127
"1922","SERC","2021",29,1.234
"1923","SERC","2021",30,0.195
"1924","SERC","2021",31,6.925
"1925","SERC","2021",32,77.328
"1926","SERC","2021",33,376.306
"1927","SERC","2021",34,45.957
"1928","SERC","2021",35,4.005
"1929","SERC","2021",36,11.811
"1930","SERC","2021",37,0.065
"1931","SERC","2021",38,98.031
"1932","SERC","2021",39,0.065
"1933","SERC","2021",40,4.451
"1934","SERC","2021",41,21.811
"1935","SERC","2021",42,20.847
"1936","SERC","2021",43,133.544
"1937","SERC","2021",44,243.69
"1938","SERC","2021",45,0
"1939","SERC","2021",46,35.628
"1940","SERC","2021",47,1.357
"1941","SERC","2021",48,18.389
"1942","SERC","2021",49,0
"1943","SERC","2021",50,12.531
"1944","SERC","2021",51,9.748
"1945","SERC","2021",52,41.828
"1946","SERC","2021",53,0.582
"1947","SERC","2022",1,133.594
"1948","SERC","2022",2,111.6
"1949","SERC","2022",3,136.734
"1950","SERC","2022",4,1.742
"1951","SERC","2022",5,129.445
"1952","SERC","2022",6,10.262
"1953","SERC","2022",7,21.228
"1954","SERC","2022",8,54.527
"1955","SERC","2022",9,0
"1956","SERC","2022",10,77.896
"1957","SERC","2022",11,174.789
"1958","SERC","2022",12,58.798
"1959","SERC","2022",13,0.515
"1960","TALL","2017",28,19.32
"1961","TALL","2017",29,113.475
"1962","TALL","2017",30,23.596
"1963","TALL","2017",31,0
"1964","TALL","2017",32,202.516
"1965","TALL","2017",33,26.03
"1966","TALL","2017",34,2.377
"1967","TALL","2017",35,129.306
"1968","TALL","2017",36,57.836
"1969","TALL","2017",37,106.748
"1970","TALL","2017",38,40.47
"1971","TALL","2017",39,0
"1972","TALL","2017",40,0.259
"1973","TALL","2017",41,172.418
"1974","TALL","2017",42,3.22
"1975","TALL","2017",43,51.43
"1976","TALL","2017",44,57.308
"1977","TALL","2017",45,43.701
"1978","TALL","2017",46,0.258
"1979","TALL","2017",47,24.315
"1980","TALL","2017",48,48.722
"1981","TALL","2017",49,1.55
"1982","TALL","2017",50,25.762
"1983","TALL","2017",51,97.625
"1984","TALL","2017",52,15.964
"1985","TALL","2017",53,0
"1986","TALL","2018",1,0
"1987","TALL","2018",2,141.896
"1988","TALL","2018",3,0.583
"1989","TALL","2018",4,113.891
"1990","TALL","2018",5,220.922
"1991","TALL","2018",6,300.993
"1992","TALL","2018",7,16.678
"1993","TALL","2018",8,76.574
"1994","TALL","2018",9,115.289
"1995","TALL","2018",10,145.708
"1996","TALL","2018",11,35.565
"1997","TALL","2018",12,2.054
"1998","TALL","2018",13,43.771
"1999","TALL","2018",14,87.736
"2000","TALL","2018",15,0.78
"2001","TALL","2018",16,0
"2002","TALL","2018",17,61.224
"2003","TALL","2018",18,0
"2004","TALL","2018",19,22.302
"2005","TALL","2018",20,147.631
"2006","TALL","2018",21,26.029
"2007","TALL","2018",22,372.926
"2008","TALL","2018",23,0
"2009","TALL","2018",24,63.34
"2010","TALL","2018",25,0.453
"2011","TALL","2018",26,39.756
"2012","TALL","2018",27,162.029
"2013","TALL","2018",28,88.146
"2014","TALL","2018",29,53.632
"2015","TALL","2018",30,18.432
"2016","TALL","2018",31,65.007
"2017","TALL","2018",32,92.291
"2018","TALL","2018",33,104.162
"2019","TALL","2018",34,32.941
"2020","TALL","2018",35,210.416
"2021","TALL","2018",36,41.977
"2022","TALL","2018",37,13.442
"2023","TALL","2018",38,16.164
"2024","TALL","2018",39,192.694
"2025","TALL","2018",40,0.257
"2026","TALL","2018",41,1.356
"2027","TALL","2018",42,8.529
"2028","TALL","2018",43,70.244
"2029","TALL","2018",44,93.696
"2030","TALL","2018",45,115.898
"2031","TALL","2018",46,174.681
"2032","TALL","2018",47,77.061
"2033","TALL","2018",48,149.72
"2034","TALL","2018",49,149.416
"2035","TALL","2018",50,54.861
"2036","TALL","2018",51,111.176
"2037","TALL","2018",52,588.492
"2038","TALL","2018",53,67.702
"2039","TALL","2019",1,166.978
"2040","TALL","2019",2,56.585
"2041","TALL","2019",3,75.73
"2042","TALL","2019",4,231.854
"2043","TALL","2019",5,22.721
"2044","TALL","2019",6,22.345
"2045","TALL","2019",7,135.386
"2046","TALL","2019",8,389.337
"2047","TALL","2019",9,98.65
"2048","TALL","2019",10,49.147
"2049","TALL","2019",11,77.236
"2050","TALL","2019",12,2.199
"2051","TALL","2019",13,2.897
"2052","TALL","2019",14,57.947
"2053","TALL","2019",15,21.48
"2054","TALL","2019",16,29.003
"2055","TALL","2019",17,55.059
"2056","TALL","2019",18,10.642
"2057","TALL","2019",19,58.741
"2058","TALL","2019",20,0.064
"2059","TALL","2019",21,0
"2060","TALL","2019",22,0
"2061","TALL","2019",23,39.863
"2062","TALL","2019",24,0.258
"2063","TALL","2019",25,1.166
"2064","TALL","2019",26,0.129
"2065","TALL","2019",27,0.128
"2066","TALL","2019",28,0.193
"2067","TALL","2019",29,0.644
"2068","TALL","2019",30,0
"2069","TALL","2019",31,6.914
"2070","TALL","2019",32,10.933
"2071","TALL","2019",33,0.386
"2072","TALL","2019",34,0.323
"2073","TALL","2019",35,0.128
"2074","TALL","2019",36,0.064
"2075","TALL","2019",37,0.064
"2076","TALL","2019",38,0
"2077","TALL","2019",39,0
"2078","TALL","2019",40,67.956
"2079","TALL","2019",41,31.497
"2080","TALL","2019",42,75.293
"2081","TALL","2019",43,297.997
"2082","TALL","2019",44,182.28
"2083","TALL","2019",45,45.989
"2084","TALL","2019",46,48.569
"2085","TALL","2019",47,99.869
"2086","TALL","2019",48,107.245
"2087","TALL","2019",49,74.398
"2088","TALL","2019",50,126.091
"2089","TALL","2019",51,439.805
"2090","TALL","2019",52,69.686
"2091","TALL","2019",53,0
"2092","TALL","2020",1,361.038
"2093","TALL","2020",2,370.903
"2094","TALL","2020",3,40.134
"2095","TALL","2020",4,24.92
"2096","TALL","2020",5,13.583
"2097","TALL","2020",6,0
"2098","TALL","2020",7,28.402
"2099","TALL","2020",8,95.229
"2100","TALL","2020",9,12.054
"2101","TALL","2020",10,352.117
"2102","TALL","2020",11,20.909
"2103","TALL","2020",12,73.212
"2104","TALL","2020",13,27.508
"2105","TALL","2020",14,36.343
"2106","TALL","2020",15,39.438
"2107","TALL","2020",16,198.422
"2108","TALL","2020",17,32.982
"2109","TALL","2020",18,6.242
"2110","TALL","2020",19,4.192
"2111","TALL","2020",20,33.245
"2112","TALL","2020",21,201.357
"2113","TALL","2020",22,114.331
"2114","TALL","2020",23,245.411
"2115","TALL","2020",24,0
"2116","TALL","2020",25,50.484
"2117","TALL","2020",26,99.115
"2118","TALL","2020",27,31.341
"2119","TALL","2020",28,136.292
"2120","TALL","2020",29,43.141
"2121","TALL","2020",30,111.629
"2122","TALL","2020",31,214.36
"2123","TALL","2020",32,5.132
"2124","TALL","2020",33,58.42
"2125","TALL","2020",34,99.362
"2126","TALL","2020",35,154.154
"2127","TALL","2020",36,0
"2128","TALL","2020",37,10.638
"2129","TALL","2020",38,6.282
"2130","TALL","2020",39,12.713
"2131","TALL","2020",40,0
"2132","TALL","2020",41,42.617
"2133","TALL","2020",42,0.064
"2134","TALL","2020",43,87.527
"2135","TALL","2020",44,151.803
"2136","TALL","2020",45,1.736
"2137","TALL","2020",46,201.847
"2138","TALL","2020",47,0
"2139","TALL","2020",48,174.367
"2140","TALL","2020",49,51.218
"2141","TALL","2020",50,123.341
"2142","TALL","2020",51,34.215
"2143","TALL","2020",52,140.436
"2144","TALL","2020",53,0
"2145","TALL","2021",1,36.062
"2146","TALL","2021",2,36.138
"2147","TALL","2021",3,23.709
"2148","TALL","2021",4,291.81
"2149","TALL","2021",5,27.667
"2150","TALL","2021",6,124.52
"2151","TALL","2021",7,269.088
"2152","TALL","2021",8,0.518
"2153","TALL","2021",9,102.993
"2154","TALL","2021",10,0
"2155","TALL","2021",11,292.786
"2156","TALL","2021",12,249.026
"2157","TALL","2021",13,185.74
"2158","TALL","2021",14,1.811
"2159","TALL","2021",15,172.547
"2160","TALL","2021",16,0
"2161","TALL","2021",17,134.142
"2162","TALL","2021",18,193.254
"2163","TALL","2021",19,80.26
"2164","TALL","2021",20,3.49
"2165","TALL","2021",21,33.089
"2166","TALL","2021",22,67.026
"2167","TALL","2021",23,319.996
"2168","TALL","2021",24,46.932
"2169","TALL","2021",25,195.624
"2170","TALL","2021",26,12.067
"2171","TALL","2021",27,137.771
"2172","TALL","2021",28,51.318
"2173","TALL","2021",29,21.954
"2174","TALL","2021",30,31.866
"2175","TALL","2021",31,6.695
"2176","TALL","2021",32,10.749
"2177","TALL","2021",33,28.068
"2178","TALL","2021",34,31.8
"2179","TALL","2021",35,352.787
"2180","TALL","2021",36,0
"2181","TALL","2021",37,0
"2182","TALL","2021",38,0
"2183","TALL","2021",39,0
"2184","TALL","2021",40,0
"2185","TALL","2021",41,0
"2186","TALL","2021",42,13.171
"2187","TALL","2021",43,75.87
"2188","TALL","2021",44,28.314
"2189","TALL","2021",45,24.118
"2190","TALL","2021",46,0.26
"2191","TALL","2021",47,72.814
"2192","TALL","2021",48,17.381
"2193","TALL","2021",49,187.029
"2194","TALL","2021",50,89.961
"2195","TALL","2021",51,63.415
"2196","TALL","2021",52,173.905
"2197","TALL","2021",53,0.454
"2198","TALL","2022",1,122.664
"2199","TALL","2022",2,101.781
"2200","TALL","2022",3,360.001
"2201","TALL","2022",4,0.259
"2202","TALL","2022",5,259.09
"2203","TALL","2022",6,0
"2204","TALL","2022",7,182.007
"2205","TALL","2022",8,205.735
"2206","TALL","2022",9,32.876
"2207","TALL","2022",10,121.07
"2208","TALL","2022",11,266.471
"2209","TALL","2022",12,273.849
"2210","TALL","2022",13,118.036
"2211","UKFS","2017",24,63.052
"2212","UKFS","2017",25,13.619
"2213","UKFS","2017",26,80.125
"2214","UKFS","2017",27,19.181
"2215","UKFS","2017",28,10.899
"2216","UKFS","2017",29,0
"2217","UKFS","2017",30,9.264
"2218","UKFS","2017",31,11.938
"2219","UKFS","2017",32,8.337
"2220","UKFS","2017",33,19.54
"2221","UKFS","2017",34,112.225
"2222","UKFS","2017",35,41.271
"2223","UKFS","2017",36,0
"2224","UKFS","2017",37,0.978
"2225","UKFS","2017",38,121.926
"2226","UKFS","2017",39,16.806
"2227","UKFS","2017",40,40.774
"2228","UKFS","2017",41,76.963
"2229","UKFS","2017",42,69.805
"2230","UKFS","2017",43,131.092
"2231","UKFS","2017",44,0.26
"2232","UKFS","2017",45,5.732
"2233","UKFS","2017",46,5.076
"2234","UKFS","2017",47,0
"2235","UKFS","2017",48,0
"2236","UKFS","2017",49,0
"2237","UKFS","2017",50,0
"2238","UKFS","2017",51,16.607
"2239","UKFS","2017",52,1.045
"2240","UKFS","2017",53,0
"2241","UKFS","2018",1,5.681
"2242","UKFS","2018",2,19.81
"2243","UKFS","2018",3,12.744
"2244","UKFS","2018",4,25.232
"2245","UKFS","2018",5,0
"2246","UKFS","2018",6,5.296
"2247","UKFS","2018",7,2.678
"2248","UKFS","2018",8,19.334
"2249","UKFS","2018",9,5.42
"2250","UKFS","2018",10,1.175
"2251","UKFS","2018",11,22.606
"2252","UKFS","2018",12,82.047
"2253","UKFS","2018",13,25.153
"2254","UKFS","2018",14,39.138
"2255","UKFS","2018",15,7.256
"2256","UKFS","2018",16,9.155
"2257","UKFS","2018",17,41.296
"2258","UKFS","2018",18,45.446
"2259","UKFS","2018",19,5.296
"2260","UKFS","2018",20,22.033
"2261","UKFS","2018",21,23.616
"2262","UKFS","2018",22,6.736
"2263","UKFS","2018",23,0
"2264","UKFS","2018",24,15.017
"2265","UKFS","2018",25,42.948
"2266","UKFS","2018",26,34.647
"2267","UKFS","2018",27,0.594
"2268","UKFS","2018",28,41.857
"2269","UKFS","2018",29,2.128
"2270","UKFS","2018",30,39.661
"2271","UKFS","2018",31,1.226
"2272","UKFS","2018",32,115.741
"2273","UKFS","2018",33,220.572
"2274","UKFS","2018",34,82.707
"2275","UKFS","2018",35,50.455
"2276","UKFS","2018",36,76.264
"2277","UKFS","2018",37,0.321
"2278","UKFS","2018",38,12.446
"2279","UKFS","2018",39,33.669
"2280","UKFS","2018",40,268.372
"2281","UKFS","2018",41,345.867
"2282","UKFS","2018",42,8.562
"2283","UKFS","2018",43,4.954
"2284","UKFS","2018",44,16.254
"2285","UKFS","2018",45,52.242
"2286","UKFS","2018",46,4.384
"2287","UKFS","2018",47,0.516
"2288","UKFS","2018",48,149.322
"2289","UKFS","2018",49,0.903
"2290","UKFS","2018",50,0
"2291","UKFS","2018",51,0
"2292","UKFS","2018",52,117.983
"2293","UKFS","2018",53,66.104
"2294","UKFS","2019",1,1.096
"2295","UKFS","2019",2,46.056
"2296","UKFS","2019",3,103.38
"2297","UKFS","2019",4,56.349
"2298","UKFS","2019",5,0
"2299","UKFS","2019",6,44.567
"2300","UKFS","2019",7,6.121
"2301","UKFS","2019",8,104.23
"2302","UKFS","2019",9,5.989
"2303","UKFS","2019",10,41.616
"2304","UKFS","2019",11,96.187
"2305","UKFS","2019",12,35.224
"2306","UKFS","2019",13,126.747
"2307","UKFS","2019",14,136.44
"2308","UKFS","2019",15,0
"2309","UKFS","2019",16,47.411
"2310","UKFS","2019",17,58.798
"2311","UKFS","2019",18,96.508
"2312","UKFS","2019",19,4.197
"2313","UKFS","2019",20,139.748
"2314","UKFS","2019",21,237.043
"2315","UKFS","2019",22,150.435
"2316","UKFS","2019",23,46.824
"2317","UKFS","2019",24,50.927
"2318","UKFS","2019",25,82.57
"2319","UKFS","2019",26,0.128
"2320","UKFS","2019",27,16.773
"2321","UKFS","2019",28,11.792
"2322","UKFS","2019",29,76.096
"2323","UKFS","2019",30,0
"2324","UKFS","2019",31,150.185
"2325","UKFS","2019",32,50.978
"2326","UKFS","2019",33,74.493
"2327","UKFS","2019",34,175.421
"2328","UKFS","2019",35,130.602
"2329","UKFS","2019",36,5.933
"2330","UKFS","2019",37,25.859
"2331","UKFS","2019",38,73.12
"2332","UKFS","2019",39,115.457
"2333","UKFS","2019",40,65.938
"2334","UKFS","2019",41,12.215
"2335","UKFS","2019",42,12.92
"2336","UKFS","2019",43,2.84
"2337","UKFS","2019",44,10.461
"2338","UKFS","2019",45,0.967
"2339","UKFS","2019",46,1.615
"2340","UKFS","2019",47,11.697
"2341","UKFS","2019",48,62.523
"2342","UKFS","2019",49,0
"2343","UKFS","2019",50,17.696
"2344","UKFS","2019",51,22.008
"2345","UKFS","2019",52,119.699
"2346","UKFS","2019",53,0
"2347","UKFS","2020",1,0
"2348","UKFS","2020",2,115.27
"2349","UKFS","2020",3,35.682
"2350","UKFS","2020",4,50.193
"2351","UKFS","2020",5,9.267
"2352","UKFS","2020",6,0.257
"2353","UKFS","2020",7,33.458
"2354","UKFS","2020",8,44.921
"2355","UKFS","2020",9,0.192
"2356","UKFS","2020",10,173.695
"2357","UKFS","2020",11,50.128
"2358","UKFS","2020",12,102.061
"2359","UKFS","2020",13,18.919
"2360","UKFS","2020",14,22.069
"2361","UKFS","2020",15,68.344
"2362","UKFS","2020",16,104.693
"2363","UKFS","2020",17,224.338
"2364","UKFS","2020",18,106.176
"2365","UKFS","2020",19,21.751
"2366","UKFS","2020",20,12.352
"2367","UKFS","2020",21,190.438
"2368","UKFS","2020",22,84.503
"2369","UKFS","2020",23,31.792
"2370","UKFS","2020",24,0.128
"2371","UKFS","2020",25,30.328
"2372","UKFS","2020",26,312.675
"2373","UKFS","2020",27,79.627
"2374","UKFS","2020",28,39.386
"2375","UKFS","2020",29,272.499
"2376","UKFS","2020",30,10.108
"2377","UKFS","2020",31,212.907
"2378","UKFS","2020",32,31.217
"2379","UKFS","2020",33,0
"2380","UKFS","2020",34,0
"2381","UKFS","2020",35,87.4119999999999
"2382","UKFS","2020",36,0
"2383","UKFS","2020",37,93.0029999999998
"2384","UKFS","2020",38,0
"2385","UKFS","2020",39,85.989
"2386","UKFS","2020",40,0
"2387","UKFS","2020",41,0
"2388","UKFS","2020",42,0
"2389","UKFS","2020",43,44.927
"2390","UKFS","2020",44,24.187
"2391","UKFS","2020",45,43.2
"2392","UKFS","2020",46,0.065
"2393","UKFS","2020",47,41.59
"2394","UKFS","2020",48,58.359
"2395","UKFS","2020",49,0
"2396","UKFS","2020",50,2.646
"2397","UKFS","2020",51,0
"2398","UKFS","2020",52,63.158
"2399","UKFS","2020",53,36.812
"2400","UKFS","2021",1,68.663
"2401","UKFS","2021",2,0
"2402","UKFS","2021",3,13.41
"2403","UKFS","2021",4,64.453
"2404","UKFS","2021",5,87.099
"2405","UKFS","2021",6,0
"2406","UKFS","2021",7,4.841
"2407","UKFS","2021",8,16.56
"2408","UKFS","2021",9,0.129
"2409","UKFS","2021",10,0.129
"2410","UKFS","2021",11,258.406
"2411","UKFS","2021",12,30.755
"2412","UKFS","2021",13,30.688
"2413","UKFS","2021",14,64.968
"2414","UKFS","2021",15,46.068
"2415","UKFS","2021",16,61.771
"2416","UKFS","2021",17,225.515
"2417","UKFS","2021",18,9.287
"2418","UKFS","2021",19,141.078
"2419","UKFS","2021",20,460.545
"2420","UKFS","2021",21,134.241
"2421","UKFS","2021",22,23.539
"2422","UKFS","2021",23,0
"2423","UKFS","2021",24,1.999
"2424","UKFS","2021",25,66.472
"2425","UKFS","2021",26,382.818
"2426","UKFS","2021",27,0.32
"2427","UKFS","2021",28,202.052
"2428","UKFS","2021",29,1.227
"2429","UKFS","2021",30,2
"2430","UKFS","2021",31,3.668
"2431","UKFS","2021",32,62.802
"2432","UKFS","2021",33,369.075
"2433","UKFS","2021",34,41.425
"2434","UKFS","2021",35,30.517
"2435","UKFS","2021",36,311.875
"2436","UKFS","2021",37,0
"2437","UKFS","2021",38,6.355
"2438","UKFS","2021",39,28.057
"2439","UKFS","2021",40,22.159
"2440","UKFS","2021",41,223.517
"2441","UKFS","2021",42,2.83
"2442","UKFS","2021",43,206.541
"2443","UKFS","2021",44,25.249
"2444","UKFS","2021",45,42.622
"2445","UKFS","2021",46,11.118
"2446","UKFS","2021",47,0
"2447","UKFS","2021",48,0
"2448","UKFS","2021",49,0
"2449","UKFS","2021",50,7.201
"2450","UKFS","2021",51,0
"2451","UKFS","2021",52,11.441
"2452","UKFS","2021",53,0
"2453","UKFS","2022",1,29.087
"2454","UKFS","2022",2,0.774
"2455","UKFS","2022",3,32.585
"2456","UKFS","2022",4,0
"2457","UKFS","2022",5,11.502
"2458","UKFS","2022",6,3.595
"2459","UKFS","2022",7,18.702
"2460","UKFS","2022",8,24.668
"2461","UKFS","2022",9,0
"2462","UKFS","2022",10,54.84
"2463","UKFS","2022",11,53.364
"2464","UKFS","2022",12,119.65
"2465","UKFS","2022",13,156.26
